Title,Artist,Album,Year,Priority,Style,Notes
Round and Round,Ratt,Out of the Cellar,1984,Hit,Hair Metal,
Wanted Man,Ratt,Out of the Cellar,1984,Hit,Hair Metal,
Back for More,Ratt,Out of the Cellar,1984,Hit,Hair Metal,
Lack of Communication,Ratt,Out of the Cellar,1984,Deep,Hair Metal,
I'm Insane,Ratt,Out of the Cellar,1984,Deep,Hair Metal,
Scene of the Crime,Ratt,Out of the Cellar,1984,Deep,Hair Metal,
Lay It Down,Ratt,Invasion of Your Privacy,1985,Hit,Hair Metal,
You're in Love,Ratt,Invasion of Your Privacy,1985,Hit,Hair Metal,
Never Use Love,Ratt,Invasion of Your Privacy,1985,Deep,Hair Metal,
Give It All,Ratt,Invasion of Your Privacy,1985,Deep,Hair Metal,
Dangerous but Worth the Risk,Ratt,Invasion of Your Privacy,1985,Deep,Hair Metal,
Dance,Ratt,Dancing Undercover,1986,Hit,Hair Metal,
Body Talk,Ratt,Dancing Undercover,1986,Hit,Hair Metal,
Slip of the Lip,Ratt,Dancing Undercover,1986,Deep,Hair Metal,
Looking for Love,Ratt,Dancing Undercover,1986,Deep,Hair Metal,
Way Cool Jr.,Ratt,Reach for the Sky,1988,Hit,Hair Metal,
I Want a Woman,Ratt,Reach for the Sky,1988,Hit,Hair Metal,
City to City,Ratt,Reach for the Sky,1988,Deep,Hair Metal,
Breaking the Chains,Dokken,Breaking the Chains,1983,Hit,Melodic Metal,
Paris Is Burning,Dokken,Breaking the Chains,1983,Deep,Melodic Metal,
Nightrider,Dokken,Breaking the Chains,1983,Deep,Melodic Metal,
Tooth and Nail,Dokken,Tooth and Nail,1984,Hit,Melodic Metal,
Into the Fire,Dokken,Tooth and Nail,1984,Hit,Melodic Metal,
Alone Again,Dokken,Tooth and Nail,1984,Ballad,Power Ballad,
Just Got Lucky,Dokken,Tooth and Nail,1984,Hit,Melodic Metal,
Don't Close Your Eyes,Dokken,Tooth and Nail,1984,Deep,Melodic Metal,
In My Dreams,Dokken,Under Lock and Key,1985,Hit,Melodic Metal,
It's Not Love,Dokken,Under Lock and Key,1985,Hit,Melodic Metal,
The Hunter,Dokken,Under Lock and Key,1985,Deep,Melodic Metal,
Unchain the Night,Dokken,Under Lock and Key,1985,Deep,Melodic Metal,
Lightning Strikes Again,Dokken,Under Lock and Key,1985,Deep,Melodic Metal,
Dream Warriors,Dokken,Back for the Attack,1987,Hit,Melodic Metal,
Kiss of Death,Dokken,Back for the Attack,1987,Hit,Melodic Metal,
Burning Like a Flame,Dokken,Back for the Attack,1987,Hit,Melodic Metal,
Heaven Sent,Dokken,Back for the Attack,1987,Deep,Melodic Metal,
Mr. Scary,Dokken,Back for the Attack,1987,Deep,Instrumental,
Live Wire,Mötley Crüe,Too Fast for Love,1981,Hit,Sleaze Metal,
Too Fast for Love,Mötley Crüe,Too Fast for Love,1981,Deep,Sleaze Metal,
Piece of Your Action,Mötley Crüe,Too Fast for Love,1981,Deep,Sleaze Metal,
On With the Show,Mötley Crüe,Too Fast for Love,1981,Deep,Sleaze Metal,
Shout at the Devil,Mötley Crüe,Shout at the Devil,1983,Hit,Sleaze Metal,
Looks That Kill,Mötley Crüe,Shout at the Devil,1983,Hit,Sleaze Metal,
Too Young to Fall in Love,Mötley Crüe,Shout at the Devil,1983,Hit,Sleaze Metal,
Red Hot,Mötley Crüe,Shout at the Devil,1983,Deep,Sleaze Metal,
Ten Seconds to Love,Mötley Crüe,Shout at the Devil,1983,Deep,Sleaze Metal,
Smokin' in the Boys Room,Mötley Crüe,Theatre of Pain,1985,Hit,Hair Metal,
Home Sweet Home,Mötley Crüe,Theatre of Pain,1985,Ballad,Power Ballad,
Louder Than Hell,Mötley Crüe,Theatre of Pain,1985,Deep,Hair Metal,
Use It or Lose It,Mötley Crüe,Theatre of Pain,1985,Deep,Hair Metal,
"Girls, Girls, Girls",Mötley Crüe,"Girls, Girls, Girls",1987,Hit,Sleaze Metal,
Wild Side,Mötley Crüe,"Girls, Girls, Girls",1987,Hit,Sleaze Metal,
You're All I Need,Mötley Crüe,"Girls, Girls, Girls",1987,Ballad,Power Ballad,
Dancing on Glass,Mötley Crüe,"Girls, Girls, Girls",1987,Deep,Sleaze Metal,
Dr. Feelgood,Mötley Crüe,Dr. Feelgood,1989,Hit,Hair Metal,
Kickstart My Heart,Mötley Crüe,Dr. Feelgood,1989,Hit,Hair Metal,
Without You,Mötley Crüe,Dr. Feelgood,1989,Ballad,Power Ballad,
Don't Go Away Mad (Just Go Away),Mötley Crüe,Dr. Feelgood,1989,Hit,Hair Metal,
Same Ol' Situation (S.O.S.),Mötley Crüe,Dr. Feelgood,1989,Hit,Hair Metal,
Let It Go,Def Leppard,High 'n' Dry,1981,Deep,Hard Rock,
High 'n' Dry (Saturday Night),Def Leppard,High 'n' Dry,1981,Deep,Hard Rock,
Bringin' On the Heartbreak,Def Leppard,High 'n' Dry,1981,Ballad,Power Ballad,
Switch 625,Def Leppard,High 'n' Dry,1981,Deep,Instrumental,
Photograph,Def Leppard,Pyromania,1983,Hit,Arena Rock,
Rock of Ages,Def Leppard,Pyromania,1983,Hit,Arena Rock,
Foolin',Def Leppard,Pyromania,1983,Hit,Arena Rock,
Too Late for Love,Def Leppard,Pyromania,1983,Deep,Arena Rock,
Stagefright,Def Leppard,Pyromania,1983,Deep,Arena Rock,
Women,Def Leppard,Hysteria,1987,Hit,Arena Rock,
Animal,Def Leppard,Hysteria,1987,Hit,Arena Rock,
Pour Some Sugar on Me,Def Leppard,Hysteria,1987,Hit,Arena Rock,
Love Bites,Def Leppard,Hysteria,1987,Ballad,Power Ballad,
Armageddon It,Def Leppard,Hysteria,1987,Hit,Arena Rock,
Hysteria,Def Leppard,Hysteria,1987,Ballad,Power Ballad,
Rocket,Def Leppard,Hysteria,1987,Hit,Arena Rock,
Let's Get Rocked,Def Leppard,Adrenalize,1992,Hit,Arena Rock,
Make Love Like a Man,Def Leppard,Adrenalize,1992,Hit,Arena Rock,
Have You Ever Needed Someone So Bad,Def Leppard,Adrenalize,1992,Ballad,Power Ballad,
Slide It In,Whitesnake,Slide It In,1984,Hit,Hard Rock,
Slow an' Easy,Whitesnake,Slide It In,1984,Hit,Hard Rock,
Love Ain't No Stranger,Whitesnake,Slide It In,1984,Hit,Hard Rock,
Guilty of Love,Whitesnake,Slide It In,1984,Deep,Hard Rock,
Still of the Night,Whitesnake,Whitesnake,1987,Hit,Hard Rock,
Here I Go Again,Whitesnake,Whitesnake,1987,Hit,Arena Rock,
Is This Love,Whitesnake,Whitesnake,1987,Ballad,Power Ballad,
Crying in the Rain,Whitesnake,Whitesnake,1987,Deep,Hard Rock,
Bad Boys,Whitesnake,Whitesnake,1987,Deep,Hard Rock,
Give Me All Your Love,Whitesnake,Whitesnake,1987,Hit,Hard Rock,
Fool for Your Loving,Whitesnake,Slip of the Tongue,1989,Hit,Hard Rock,
The Deeper the Love,Whitesnake,Slip of the Tongue,1989,Ballad,Power Ballad,
Now You're Gone,Whitesnake,Slip of the Tongue,1989,Hit,Hard Rock,
Judgement Day,Whitesnake,Slip of the Tongue,1989,Deep,Hard Rock,
Talk Dirty to Me,Poison,Look What the Cat Dragged In,1986,Hit,Glam Metal,
I Want Action,Poison,Look What the Cat Dragged In,1986,Hit,Glam Metal,
I Won't Forget You,Poison,Look What the Cat Dragged In,1986,Ballad,Power Ballad,
Cry Tough,Poison,Look What the Cat Dragged In,1986,Deep,Glam Metal,
Look What the Cat Dragged In,Poison,Look What the Cat Dragged In,1986,Deep,Glam Metal,
Nothin' but a Good Time,Poison,Open Up and Say... Ahh!,1988,Hit,Glam Metal,
Fallen Angel,Poison,Open Up and Say... Ahh!,1988,Hit,Glam Metal,
Every Rose Has Its Thorn,Poison,Open Up and Say... Ahh!,1988,Ballad,Power Ballad,
Your Mama Don't Dance,Poison,Open Up and Say... Ahh!,1988,Hit,Glam Metal,
Love on the Rocks,Poison,Open Up and Say... Ahh!,1988,Deep,Glam Metal,
Unskinny Bop,Poison,Flesh & Blood,1990,Hit,Glam Metal,
Ride the Wind,Poison,Flesh & Blood,1990,Hit,Glam Metal,
Something to Believe In,Poison,Flesh & Blood,1990,Ballad,Power Ballad,
Valley of Lost Souls,Poison,Flesh & Blood,1990,Deep,Glam Metal,
Youth Gone Wild,Skid Row,Skid Row,1989,Hit,Heavy Glam,
18 and Life,Skid Row,Skid Row,1989,Hit,Power Ballad,
I Remember You,Skid Row,Skid Row,1989,Ballad,Power Ballad,
Big Guns,Skid Row,Skid Row,1989,Deep,Heavy Glam,
Piece of Me,Skid Row,Skid Row,1989,Deep,Heavy Glam,
Here I Am,Skid Row,Skid Row,1989,Deep,Heavy Glam,
Monkey Business,Skid Row,Slave to the Grind,1991,Hit,Heavy Metal,
Slave to the Grind,Skid Row,Slave to the Grind,1991,Hit,Heavy Metal,
Wasted Time,Skid Row,Slave to the Grind,1991,Ballad,Power Ballad,
Quicksand Jesus,Skid Row,Slave to the Grind,1991,Deep,Power Ballad,
Riot Act,Skid Row,Slave to the Grind,1991,Deep,Heavy Metal,
Nobody's Fool,Cinderella,Night Songs,1986,Hit,Power Ballad,
Shake Me,Cinderella,Night Songs,1986,Hit,Glam Metal,
Somebody Save Me,Cinderella,Night Songs,1986,Hit,Glam Metal,
Night Songs,Cinderella,Night Songs,1986,Deep,Glam Metal,
Once Around the Ride,Cinderella,Night Songs,1986,Deep,Glam Metal,
Don't Know What You Got (Till It's Gone),Cinderella,Long Cold Winter,1988,Ballad,Power Ballad,
Gypsy Road,Cinderella,Long Cold Winter,1988,Hit,Blues Rock,
The Last Mile,Cinderella,Long Cold Winter,1988,Hit,Blues Rock,
Coming Home,Cinderella,Long Cold Winter,1988,Ballad,Power Ballad,
Long Cold Winter,Cinderella,Long Cold Winter,1988,Deep,Blues Rock,
Shelter Me,Cinderella,Heartbreak Station,1990,Hit,Blues Rock,
Heartbreak Station,Cinderella,Heartbreak Station,1990,Ballad,Power Ballad,
The More Things Change,Cinderella,Heartbreak Station,1990,Deep,Blues Rock,
Modern Day Cowboy,Tesla,Mechanical Resonance,1986,Hit,Hard Rock,
Little Suzi,Tesla,Mechanical Resonance,1986,Hit,Hard Rock,
Gettin' Better,Tesla,Mechanical Resonance,1986,Deep,Hard Rock,
Comin' Atcha Live,Tesla,Mechanical Resonance,1986,Deep,Hard Rock,
Rock Me to the Top,Tesla,Mechanical Resonance,1986,Deep,Hard Rock,
Love Song,Tesla,The Great Radio Controversy,1989,Ballad,Power Ballad,
Heaven's Trail (No Way Out),Tesla,The Great Radio Controversy,1989,Hit,Hard Rock,
Hang Tough,Tesla,The Great Radio Controversy,1989,Hit,Hard Rock,
The Way It Is,Tesla,The Great Radio Controversy,1989,Hit,Hard Rock,
"Lazy Days, Crazy Nights",Tesla,The Great Radio Controversy,1989,Deep,Hard Rock,
Edison's Medicine,Tesla,Psychotic Supper,1991,Hit,Hard Rock,
What You Give,Tesla,Psychotic Supper,1991,Ballad,Power Ballad,
Call It What You Want,Tesla,Psychotic Supper,1991,Deep,Hard Rock,
Down Boys,Warrant,Dirty Rotten Filthy Stinking Rich,1989,Hit,Glam Metal,
Heaven,Warrant,Dirty Rotten Filthy Stinking Rich,1989,Ballad,Power Ballad,
Sometimes She Cries,Warrant,Dirty Rotten Filthy Stinking Rich,1989,Ballad,Power Ballad,
Big Talk,Warrant,Dirty Rotten Filthy Stinking Rich,1989,Hit,Glam Metal,
32 Pennies,Warrant,Dirty Rotten Filthy Stinking Rich,1989,Deep,Glam Metal,
Cherry Pie,Warrant,Cherry Pie,1990,Hit,Glam Metal,
I Saw Red,Warrant,Cherry Pie,1990,Ballad,Power Ballad,
Uncle Tom's Cabin,Warrant,Cherry Pie,1990,Hit,Hard Rock,
Blind Faith,Warrant,Cherry Pie,1990,Ballad,Power Ballad,
Sure Feels Good to Me,Warrant,Cherry Pie,1990,Deep,Glam Metal,
Rock Me,Great White,Once Bitten,1987,Hit,Blues Rock,
Save Your Love,Great White,Once Bitten,1987,Ballad,Power Ballad,
Lady Red Light,Great White,Once Bitten,1987,Deep,Blues Rock,
All Over Now,Great White,Once Bitten,1987,Deep,Blues Rock,
"Once Bitten, Twice Shy",Great White,...Twice Shy,1989,Hit,Blues Rock,
The Angel Song,Great White,...Twice Shy,1989,Ballad,Power Ballad,
House of Broken Love,Great White,...Twice Shy,1989,Deep,Blues Rock,
Mista Bone,Great White,...Twice Shy,1989,Deep,Blues Rock,
Call It Rock N' Roll,Great White,Hooked,1991,Hit,Blues Rock,
Desert Moon,Great White,Hooked,1991,Deep,Blues Rock,
You Give Love a Bad Name,Bon Jovi,Slippery When Wet,1986,Hit,Arena Rock,
Livin' on a Prayer,Bon Jovi,Slippery When Wet,1986,Hit,Arena Rock,
Wanted Dead or Alive,Bon Jovi,Slippery When Wet,1986,Hit,Arena Rock,
Raise Your Hands,Bon Jovi,Slippery When Wet,1986,Deep,Arena Rock,
Never Say Goodbye,Bon Jovi,Slippery When Wet,1986,Ballad,Power Ballad,
Bad Medicine,Bon Jovi,New Jersey,1988,Hit,Arena Rock,
Born to Be My Baby,Bon Jovi,New Jersey,1988,Hit,Arena Rock,
I'll Be There for You,Bon Jovi,New Jersey,1988,Ballad,Power Ballad,
Lay Your Hands on Me,Bon Jovi,New Jersey,1988,Hit,Arena Rock,
Living in Sin,Bon Jovi,New Jersey,1988,Hit,Arena Rock,
Blood on Blood,Bon Jovi,New Jersey,1988,Deep,Arena Rock,
No One Like You,Scorpions,Blackout,1982,Hit,Hard Rock,
Blackout,Scorpions,Blackout,1982,Hit,Hard Rock,
Dynamite,Scorpions,Blackout,1982,Deep,Hard Rock,
Can't Live Without You,Scorpions,Blackout,1982,Deep,Hard Rock,
Rock You Like a Hurricane,Scorpions,Love at First Sting,1984,Hit,Hard Rock,
Big City Nights,Scorpions,Love at First Sting,1984,Hit,Hard Rock,
Still Loving You,Scorpions,Love at First Sting,1984,Ballad,Power Ballad,
Bad Boys Running Wild,Scorpions,Love at First Sting,1984,Deep,Hard Rock,
Coming Home,Scorpions,Love at First Sting,1984,Deep,Hard Rock,
Rhythm of Love,Scorpions,Savage Amusement,1988,Hit,Hard Rock,
Believe in Love,Scorpions,Savage Amusement,1988,Ballad,Power Ballad,
Don't Stop at the Top,Scorpions,Savage Amusement,1988,Deep,Hard Rock,
Wind of Change,Scorpions,Crazy World,1990,Ballad,Power Ballad,
Tease Me Please Me,Scorpions,Crazy World,1990,Hit,Hard Rock,
Don't Believe Her,Scorpions,Crazy World,1990,Deep,Hard Rock,
Metal Health (Bang Your Head),Quiet Riot,Metal Health,1983,Hit,Metal,
Cum On Feel the Noize,Quiet Riot,Metal Health,1983,Hit,Metal,
Slick Black Cadillac,Quiet Riot,Metal Health,1983,Deep,Metal,
Don't Wanna Let You Go,Quiet Riot,Metal Health,1983,Deep,Metal,
Mama Weer All Crazee Now,Quiet Riot,Condition Critical,1984,Hit,Metal,
Party All Night,Quiet Riot,Condition Critical,1984,Deep,Metal,
Winners Take All,Quiet Riot,Condition Critical,1984,Deep,Metal,
We're Not Gonna Take It,Twisted Sister,Stay Hungry,1984,Hit,Metal,
I Wanna Rock,Twisted Sister,Stay Hungry,1984,Hit,Metal,
The Price,Twisted Sister,Stay Hungry,1984,Ballad,Power Ballad,
Burn in Hell,Twisted Sister,Stay Hungry,1984,Deep,Metal,
S.M.F.,Twisted Sister,Stay Hungry,1984,Deep,Metal,
Leader of the Pack,Twisted Sister,Come Out and Play,1985,Deep,Metal,
Be Chrool to Your Scuel,Twisted Sister,Come Out and Play,1985,Deep,Metal,
I Wanna Be Somebody,W.A.S.P.,W.A.S.P.,1984,Hit,Metal,
L.O.V.E. Machine,W.A.S.P.,W.A.S.P.,1984,Hit,Metal,
School Daze,W.A.S.P.,W.A.S.P.,1984,Deep,Metal,
Hellion,W.A.S.P.,W.A.S.P.,1984,Deep,Metal,
Wild Child,W.A.S.P.,The Last Command,1985,Hit,Metal,
Blind in Texas,W.A.S.P.,The Last Command,1985,Hit,Metal,
Ballcrusher,W.A.S.P.,The Last Command,1985,Deep,Metal,
Fistful of Diamonds,W.A.S.P.,The Last Command,1985,Deep,Metal,
Mean Man,W.A.S.P.,The Headless Children,1989,Hit,Metal,
The Real Me,W.A.S.P.,The Headless Children,1989,Hit,Metal,
Forever Free,W.A.S.P.,The Headless Children,1989,Ballad,Power Ballad,
The Headless Children,W.A.S.P.,The Headless Children,1989,Deep,Metal,
Wait,White Lion,Pride,1987,Hit,Glam Metal,
When the Children Cry,White Lion,Pride,1987,Ballad,Power Ballad,
Tell Me,White Lion,Pride,1987,Hit,Glam Metal,
Hungry,White Lion,Pride,1987,Deep,Glam Metal,
Lady of the Valley,White Lion,Pride,1987,Deep,Glam Metal,
Little Fighter,White Lion,Big Game,1989,Hit,Glam Metal,
Radar Love,White Lion,Big Game,1989,Hit,Glam Metal,
Cry for Freedom,White Lion,Big Game,1989,Ballad,Power Ballad,
Love Don't Come Easy,White Lion,Mane Attraction,1991,Hit,Glam Metal,
Broken Heart,White Lion,Mane Attraction,1991,Ballad,Power Ballad,
Lights and Thunder,White Lion,Mane Attraction,1991,Deep,Glam Metal,
Sex Action,L.A. Guns,L.A. Guns,1988,Hit,Sleaze Rock,
Electric Gypsy,L.A. Guns,L.A. Guns,1988,Hit,Sleaze Rock,
One More Reason,L.A. Guns,L.A. Guns,1988,Deep,Sleaze Rock,
No Mercy,L.A. Guns,L.A. Guns,1988,Deep,Sleaze Rock,
The Ballad of Jayne,L.A. Guns,Cocked & Loaded,1989,Ballad,Power Ballad,
Never Enough,L.A. Guns,Cocked & Loaded,1989,Hit,Sleaze Rock,
Rip and Tear,L.A. Guns,Cocked & Loaded,1989,Hit,Sleaze Rock,
I Wanna Be Your Man,L.A. Guns,Cocked & Loaded,1989,Deep,Sleaze Rock,
Malaria,L.A. Guns,Cocked & Loaded,1989,Deep,Sleaze Rock,
Kiss My Love Goodbye,L.A. Guns,Hollywood Vampires,1991,Hit,Sleaze Rock,
It's Over Now,L.A. Guns,Hollywood Vampires,1991,Ballad,Power Ballad,
Crystal Eyes,L.A. Guns,Hollywood Vampires,1991,Deep,Sleaze Rock,
Bathroom Wall,Faster Pussycat,Faster Pussycat,1987,Hit,Sleaze Rock,
Don't Change That Song,Faster Pussycat,Faster Pussycat,1987,Hit,Sleaze Rock,
Cathouse,Faster Pussycat,Faster Pussycat,1987,Deep,Sleaze Rock,
Babylon,Faster Pussycat,Faster Pussycat,1987,Deep,Sleaze Rock,
House of Pain,Faster Pussycat,Wake Me When It's Over,1989,Ballad,Power Ballad,
Poison Ivy,Faster Pussycat,Wake Me When It's Over,1989,Hit,Sleaze Rock,
Where There's a Whip There's a Way,Faster Pussycat,Wake Me When It's Over,1989,Deep,Sleaze Rock,
Smooth Up in Ya,BulletBoys,BulletBoys,1988,Hit,Glam Metal,
For the Love of Money,BulletBoys,BulletBoys,1988,Hit,Glam Metal,
Hard as a Rock,BulletBoys,BulletBoys,1988,Deep,Glam Metal,
Kissin' Kitty,BulletBoys,BulletBoys,1988,Deep,Glam Metal,
Hang on St. Christopher,BulletBoys,Freakshow,1991,Hit,Glam Metal,
THC Groove,BulletBoys,Freakshow,1991,Deep,Glam Metal,
Midnite Dynamite,Kix,Midnite Dynamite,1985,Deep,Glam Metal,
Cold Shower,Kix,Midnite Dynamite,1985,Deep,Glam Metal,
Sex,Kix,Midnite Dynamite,1985,Deep,Glam Metal,
Don't Close Your Eyes,Kix,Blow My Fuse,1988,Ballad,Power Ballad,
Cold Blood,Kix,Blow My Fuse,1988,Hit,Glam Metal,
Blow My Fuse,Kix,Blow My Fuse,1988,Hit,Glam Metal,
"Red Lite, Green Lite, TNT",Kix,Blow My Fuse,1988,Deep,Glam Metal,
Girl Money,Kix,Hot Wire,1991,Hit,Glam Metal,
Tear Down the Walls,Kix,Hot Wire,1991,Deep,Glam Metal,
Turn Up the Radio,Autograph,Sign in Please,1984,Hit,Glam Metal,
Send Her to Me,Autograph,Sign in Please,1984,Hit,Glam Metal,
My Girlfriend's Boyfriend Isn't Me,Autograph,Sign in Please,1984,Deep,Glam Metal,
Friday,Autograph,Sign in Please,1984,Deep,Glam Metal,
Blondes in Black Cars,Autograph,That's the Stuff,1985,Deep,Glam Metal,
That's the Stuff,Autograph,That's the Stuff,1985,Deep,Glam Metal,
Edge of a Broken Heart,Vixen,Vixen,1988,Hit,Glam Metal,
Cryin',Vixen,Vixen,1988,Hit,Glam Metal,
Love Made Me,Vixen,Vixen,1988,Deep,Glam Metal,
I Want You to Rock Me,Vixen,Vixen,1988,Deep,Glam Metal,
How Much Love,Vixen,Rev It Up,1990,Hit,Glam Metal,
Love Is a Killer,Vixen,Rev It Up,1990,Ballad,Power Ballad,
Rev It Up,Vixen,Rev It Up,1990,Deep,Glam Metal,
Up All Night,Slaughter,Stick It to Ya,1990,Hit,Glam Metal,
Fly to the Angels,Slaughter,Stick It to Ya,1990,Ballad,Power Ballad,
Spend My Life,Slaughter,Stick It to Ya,1990,Hit,Glam Metal,
Mad About You,Slaughter,Stick It to Ya,1990,Deep,Glam Metal,
Burnin' Bridges,Slaughter,Stick It to Ya,1990,Deep,Glam Metal,
Real Love,Slaughter,The Wild Life,1992,Ballad,Power Ballad,
The Wild Life,Slaughter,The Wild Life,1992,Hit,Glam Metal,
Days Gone By,Slaughter,The Wild Life,1992,Deep,Glam Metal,
Don't Treat Me Bad,FireHouse,FireHouse,1990,Hit,Glam Metal,
Love of a Lifetime,FireHouse,FireHouse,1990,Ballad,Power Ballad,
All She Wrote,FireHouse,FireHouse,1990,Hit,Glam Metal,
Overnight Sensation,FireHouse,FireHouse,1990,Deep,Glam Metal,
Reach for the Sky,FireHouse,Hold Your Fire,1992,Hit,Glam Metal,
When I Look into Your Eyes,FireHouse,Hold Your Fire,1992,Ballad,Power Ballad,
Sleeping with You,FireHouse,Hold Your Fire,1992,Deep,Glam Metal,
Madalaine,Winger,Winger,1988,Hit,Glam Metal,
Seventeen,Winger,Winger,1988,Hit,Glam Metal,
Headed for a Heartbreak,Winger,Winger,1988,Ballad,Power Ballad,
Hungry,Winger,Winger,1988,Deep,Glam Metal,
Time to Surrender,Winger,Winger,1988,Deep,Glam Metal,
Can't Get Enuff,Winger,In the Heart of the Young,1990,Hit,Glam Metal,
Miles Away,Winger,In the Heart of the Young,1990,Ballad,Power Ballad,
Easy Come Easy Go,Winger,In the Heart of the Young,1990,Hit,Glam Metal,
Rainbow in the Rose,Winger,In the Heart of the Young,1990,Deep,Glam Metal,
Naughty Naughty,Danger Danger,Danger Danger,1989,Hit,Glam Metal,
Bang Bang,Danger Danger,Danger Danger,1989,Hit,Glam Metal,
One Step from Paradise,Danger Danger,Danger Danger,1989,Ballad,Power Ballad,
Rock America,Danger Danger,Danger Danger,1989,Deep,Glam Metal,
Don't Walk Away,Danger Danger,Danger Danger,1989,Deep,Glam Metal,
Monkey Business,Danger Danger,Screw It!,1991,Hit,Glam Metal,
I Still Think About You,Danger Danger,Screw It!,1991,Ballad,Power Ballad,
Beat the Bullet,Danger Danger,Screw It!,1991,Deep,Glam Metal,
Long Way to Love,Britny Fox,Britny Fox,1988,Hit,Glam Metal,
Girlschool,Britny Fox,Britny Fox,1988,Hit,Glam Metal,
Save the Weak,Britny Fox,Britny Fox,1988,Ballad,Power Ballad,
Fun in Texas,Britny Fox,Britny Fox,1988,Deep,Glam Metal,
Dream On,Britny Fox,Boys in Heat,1989,Hit,Glam Metal,
Standing in the Shadows,Britny Fox,Boys in Heat,1989,Deep,Glam Metal,
Hair of the Dog,Britny Fox,Boys in Heat,1989,Deep,Glam Metal,
Wicked Sensation,Lynch Mob,Wicked Sensation,1990,Hit,Melodic Metal,
River of Love,Lynch Mob,Wicked Sensation,1990,Hit,Melodic Metal,
Tangled in the Web,Lynch Mob,Wicked Sensation,1990,Deep,Melodic Metal,
No Bed of Roses,Lynch Mob,Wicked Sensation,1990,Deep,Melodic Metal,
Valley of the Kings,Blue Murder,Blue Murder,1989,Deep,Hard Rock,
Jelly Roll,Blue Murder,Blue Murder,1989,Hit,Hard Rock,
Blue Murder,Blue Murder,Blue Murder,1989,Deep,Hard Rock,
Out of Love,Blue Murder,Blue Murder,1989,Ballad,Power Ballad,
Get It On,Kingdom Come,Kingdom Come,1988,Hit,Hard Rock,
What Love Can Be,Kingdom Come,Kingdom Come,1988,Ballad,Power Ballad,
Living Out of Touch,Kingdom Come,Kingdom Come,1988,Deep,Hard Rock,
Do You Like It,Kingdom Come,Kingdom Come,1988,Deep,Hard Rock,
Walkin' Shoes,Tora Tora,Surprise Attack,1989,Hit,Blues Rock,
Phantom Rider,Tora Tora,Surprise Attack,1989,Ballad,Power Ballad,
Guilty,Tora Tora,Surprise Attack,1989,Deep,Blues Rock,
Dancing with a Gypsy,Tora Tora,Surprise Attack,1989,Deep,Blues Rock,
Bang Go the Bells,Babylon A.D.,Babylon A.D.,1989,Hit,Glam Metal,
Hammer Swings Down,Babylon A.D.,Babylon A.D.,1989,Deep,Glam Metal,
The Kid Goes Wild,Babylon A.D.,Babylon A.D.,1989,Hit,Glam Metal,
Desperate,Babylon A.D.,Babylon A.D.,1989,Deep,Glam Metal,
Give It to Me Good,Trixter,Trixter,1990,Hit,Glam Metal,
One in a Million,Trixter,Trixter,1990,Ballad,Power Ballad,
Surrender,Trixter,Trixter,1990,Hit,Glam Metal,
Heart of Steel,Trixter,Trixter,1990,Deep,Glam Metal,
New Thing,Enuff Z'Nuff,Enuff Z'Nuff,1989,Hit,Glam Metal,
Fly High Michelle,Enuff Z'Nuff,Enuff Z'Nuff,1989,Ballad,Power Ballad,
Hot Little Summer Girl,Enuff Z'Nuff,Enuff Z'Nuff,1989,Deep,Glam Metal,
(Can't Live Without Your) Love and Affection,Nelson,After the Rain,1990,Hit,Glam Metal,
After the Rain,Nelson,After the Rain,1990,Ballad,Power Ballad,
More Than Ever,Nelson,After the Rain,1990,Deep,Glam Metal,
I'll Never Let You Go,Steelheart,Steelheart,1990,Ballad,Power Ballad,
She's Gone,Steelheart,Steelheart,1990,Ballad,Power Ballad,
Everybody Loves Eileen,Steelheart,Steelheart,1990,Hit,Glam Metal,
Can't Stop Me Lovin' You,Steelheart,Steelheart,1990,Hit,Glam Metal,
Love Is on the Way,Saigon Kick,The Lizard,1992,Ballad,Power Ballad,
Hostile Youth,Saigon Kick,The Lizard,1992,Deep,Hard Rock,
Peppermint Tribe,Saigon Kick,The Lizard,1992,Deep,Hard Rock,
Decadence Dance,Extreme,Extreme II: Pornograffitti,1990,Hit,Funk Metal,
Get the Funk Out,Extreme,Extreme II: Pornograffitti,1990,Hit,Funk Metal,
More Than Words,Extreme,Extreme II: Pornograffitti,1990,Ballad,Power Ballad,
Hole Hearted,Extreme,Extreme II: Pornograffitti,1990,Hit,Acoustic Rock,
Green-Tinted Sixties Mind,Mr. Big,Lean into It,1991,Hit,Hard Rock,
To Be with You,Mr. Big,Lean into It,1991,Ballad,Power Ballad,
"Daddy, Brother, Lover, Little Boy",Mr. Big,Lean into It,1991,Deep,Hard Rock,
Alive and Kickin',Mr. Big,Lean into It,1991,Hit,Hard Rock,
Dreams in the Dark,Badlands,Badlands,1989,Hit,Blues Rock,
Winter's Call,Badlands,Badlands,1989,Deep,Blues Rock,
High Wire,Badlands,Badlands,1989,Hit,Blues Rock,
Streets Cry Freedom,Badlands,Badlands,1989,Deep,Blues Rock,
We Stand Alone,Killer Dwarfs,Big Deal,1988,Deep,Glam Metal,
Start @ One,Killer Dwarfs,Big Deal,1988,Deep,Glam Metal,
Tell Me Please,Killer Dwarfs,Big Deal,1988,Deep,Glam Metal,
Dirty Weapons,Killer Dwarfs,Dirty Weapons,1990,Hit,Glam Metal,
Doesn't Matter,Killer Dwarfs,Dirty Weapons,1990,Deep,Glam Metal,
Last Laugh,Killer Dwarfs,Dirty Weapons,1990,Deep,Glam Metal,
Inside Out,XYZ,XYZ,1989,Hit,Glam Metal,
What Keeps Me Loving You,XYZ,XYZ,1989,Ballad,Power Ballad,
Maggy,XYZ,XYZ,1989,Deep,Glam Metal,
Souvenirs,XYZ,XYZ,1989,Deep,Glam Metal,
I Wanna Be Loved,House of Lords,House of Lords,1988,Hit,AOR,
Love Don't Lie,House of Lords,House of Lords,1988,Ballad,Power Ballad,
Pleasure Palace,House of Lords,House of Lords,1988,Deep,AOR,
Slip of the Tongue,House of Lords,House of Lords,1988,Deep,AOR,
Call to the Heart,Giuffria,Giuffria,1984,Hit,AOR,
Lonely in Love,Giuffria,Giuffria,1984,Deep,AOR,
Do Me Right,Giuffria,Giuffria,1984,Deep,AOR,
Don't Stop Runnin',Y&T,In Rock We Trust,1984,Hit,Hard Rock,
Lipstick and Leather,Y&T,In Rock We Trust,1984,Deep,Hard Rock,
Masters and Slaves,Y&T,In Rock We Trust,1984,Deep,Hard Rock,
Contagious,Y&T,Contagious,1987,Hit,Hard Rock,
Temptation,Y&T,Contagious,1987,Deep,Hard Rock,
Eyes of a Stranger,Y&T,Contagious,1987,Deep,Hard Rock,
The Right to Rock,Keel,The Right to Rock,1985,Hit,Metal,
Easier Said Than Done,Keel,The Right to Rock,1985,Deep,Metal,
Speed Demon,Keel,The Right to Rock,1985,Deep,Metal,
Because the Night,Keel,The Final Frontier,1986,Hit,Metal,
Tears of Fire,Keel,The Final Frontier,1986,Ballad,Power Ballad,
Rock and Roll Animal,Keel,The Final Frontier,1986,Deep,Metal,
Hold On to 18,Black 'N Blue,Black 'N Blue,1984,Hit,Glam Metal,
School of Hard Knocks,Black 'N Blue,Black 'N Blue,1984,Deep,Glam Metal,
I'm the King,Black 'N Blue,Black 'N Blue,1984,Deep,Glam Metal,
Miss Mystery,Black 'N Blue,Without Love,1985,Hit,Glam Metal,
Without Love,Black 'N Blue,Without Love,1985,Ballad,Power Ballad,
Nature of the Beach,Black 'N Blue,Without Love,1985,Deep,Glam Metal,
Screaming in the Night,Krokus,Headhunter,1983,Hit,Hard Rock,
Headhunter,Krokus,Headhunter,1983,Deep,Hard Rock,
Eat the Rich,Krokus,Headhunter,1983,Deep,Hard Rock,
Midnite Maniac,Krokus,The Blitz,1984,Hit,Hard Rock,
Ballroom Blitz,Krokus,The Blitz,1984,Hit,Hard Rock,
Out of Control,Krokus,The Blitz,1984,Deep,Hard Rock,
Balls to the Wall,Accept,Balls to the Wall,1983,Hit,Metal,
London Leatherboys,Accept,Balls to the Wall,1983,Deep,Metal,
Head Over Heels,Accept,Balls to the Wall,1983,Deep,Metal,
Metal Heart,Accept,Metal Heart,1985,Hit,Metal,
Midnight Mover,Accept,Metal Heart,1985,Hit,Metal,
Screaming for a Love-Bite,Accept,Metal Heart,1985,Deep,Metal,
Breaking the Law,Judas Priest,British Steel,1980,Hit,Metal,
Living After Midnight,Judas Priest,British Steel,1980,Hit,Metal,
Metal Gods,Judas Priest,British Steel,1980,Deep,Metal,
Rapid Fire,Judas Priest,British Steel,1980,Deep,Metal,
You've Got Another Thing Comin',Judas Priest,Screaming for Vengeance,1982,Hit,Metal,
Electric Eye,Judas Priest,Screaming for Vengeance,1982,Hit,Metal,
Riding on the Wind,Judas Priest,Screaming for Vengeance,1982,Deep,Metal,
Turbo Lover,Judas Priest,Turbo,1986,Hit,Metal,
Locked In,Judas Priest,Turbo,1986,Hit,Metal,
Out in the Cold,Judas Priest,Turbo,1986,Deep,Metal,
Painkiller,Judas Priest,Painkiller,1990,Hit,Metal,
A Touch of Evil,Judas Priest,Painkiller,1990,Hit,Metal,
Night Crawler,Judas Priest,Painkiller,1990,Deep,Metal,
Run to the Hills,Iron Maiden,The Number of the Beast,1982,Hit,Metal,
The Number of the Beast,Iron Maiden,The Number of the Beast,1982,Hit,Metal,
Hallowed Be Thy Name,Iron Maiden,The Number of the Beast,1982,Deep,Metal,
The Trooper,Iron Maiden,Piece of Mind,1983,Hit,Metal,
Flight of Icarus,Iron Maiden,Piece of Mind,1983,Hit,Metal,
Revelations,Iron Maiden,Piece of Mind,1983,Deep,Metal,
Aces High,Iron Maiden,Powerslave,1984,Hit,Metal,
2 Minutes to Midnight,Iron Maiden,Powerslave,1984,Hit,Metal,
Powerslave,Iron Maiden,Powerslave,1984,Deep,Metal,
Wasted Years,Iron Maiden,Somewhere in Time,1986,Hit,Metal,
Stranger in a Strange Land,Iron Maiden,Somewhere in Time,1986,Hit,Metal,
Caught Somewhere in Time,Iron Maiden,Somewhere in Time,1986,Deep,Metal,
Can I Play with Madness,Iron Maiden,Seventh Son of a Seventh Son,1988,Hit,Metal,
The Evil That Men Do,Iron Maiden,Seventh Son of a Seventh Son,1988,Hit,Metal,
Infinite Dreams,Iron Maiden,Seventh Son of a Seventh Son,1988,Deep,Metal,
Holy Diver,Dio,Holy Diver,1983,Hit,Metal,
Rainbow in the Dark,Dio,Holy Diver,1983,Hit,Metal,
Stand Up and Shout,Dio,Holy Diver,1983,Hit,Metal,
Don't Talk to Strangers,Dio,Holy Diver,1983,Deep,Metal,
The Last in Line,Dio,The Last in Line,1984,Hit,Metal,
We Rock,Dio,The Last in Line,1984,Hit,Metal,
Mystery,Dio,The Last in Line,1984,Deep,Metal,
I Could Have Been a Dreamer,Dio,Dream Evil,1987,Hit,Metal,
Dream Evil,Dio,Dream Evil,1987,Deep,Metal,
All the Fools Sailed Away,Dio,Dream Evil,1987,Ballad,Power Ballad,
Crazy Train,Ozzy Osbourne,Blizzard of Ozz,1980,Hit,Metal,
Mr. Crowley,Ozzy Osbourne,Blizzard of Ozz,1980,Hit,Metal,
I Don't Know,Ozzy Osbourne,Blizzard of Ozz,1980,Deep,Metal,
Suicide Solution,Ozzy Osbourne,Blizzard of Ozz,1980,Deep,Metal,
Flying High Again,Ozzy Osbourne,Diary of a Madman,1981,Hit,Metal,
Over the Mountain,Ozzy Osbourne,Diary of a Madman,1981,Hit,Metal,
Diary of a Madman,Ozzy Osbourne,Diary of a Madman,1981,Deep,Metal,
Bark at the Moon,Ozzy Osbourne,Bark at the Moon,1983,Hit,Metal,
Rock 'n' Roll Rebel,Ozzy Osbourne,Bark at the Moon,1983,Deep,Metal,
Centre of Eternity,Ozzy Osbourne,Bark at the Moon,1983,Deep,Metal,
Shot in the Dark,Ozzy Osbourne,The Ultimate Sin,1986,Hit,Metal,
The Ultimate Sin,Ozzy Osbourne,The Ultimate Sin,1986,Hit,Metal,
Killer of Giants,Ozzy Osbourne,The Ultimate Sin,1986,Deep,Metal,
No More Tears,Ozzy Osbourne,No More Tears,1991,Hit,Metal,
"Mama, I'm Coming Home",Ozzy Osbourne,No More Tears,1991,Ballad,Power Ballad,
I Don't Want to Change the World,Ozzy Osbourne,No More Tears,1991,Hit,Metal,
Runnin' with the Devil,Van Halen,Van Halen,1978,Hit,Hard Rock,
Eruption,Van Halen,Van Halen,1978,Hit,Instrumental,
You Really Got Me,Van Halen,Van Halen,1978,Hit,Hard Rock,
Ain't Talkin' 'Bout Love,Van Halen,Van Halen,1978,Hit,Hard Rock,
Jump,Van Halen,1984,1984,Hit,Arena Rock,
Panama,Van Halen,1984,1984,Hit,Arena Rock,
Hot for Teacher,Van Halen,1984,1984,Hit,Arena Rock,
I'll Wait,Van Halen,1984,1984,Hit,Arena Rock,
Drop Dead Legs,Van Halen,1984,1984,Deep,Arena Rock,
Why Can't This Be Love,Van Halen,5150,1986,Hit,Arena Rock,
Dreams,Van Halen,5150,1986,Hit,Arena Rock,
Best of Both Worlds,Van Halen,5150,1986,Hit,Arena Rock,
Love Walks In,Van Halen,5150,1986,Ballad,Power Ballad,
Finish What Ya Started,Van Halen,OU812,1988,Hit,Arena Rock,
When It's Love,Van Halen,OU812,1988,Ballad,Power Ballad,
Black and Blue,Van Halen,OU812,1988,Hit,Arena Rock,
Dude (Looks Like a Lady),Aerosmith,Permanent Vacation,1987,Hit,Hard Rock,
Rag Doll,Aerosmith,Permanent Vacation,1987,Hit,Hard Rock,
Angel,Aerosmith,Permanent Vacation,1987,Ballad,Power Ballad,
Hangman Jury,Aerosmith,Permanent Vacation,1987,Deep,Hard Rock,
Love in an Elevator,Aerosmith,Pump,1989,Hit,Hard Rock,
Janie's Got a Gun,Aerosmith,Pump,1989,Hit,Hard Rock,
What It Takes,Aerosmith,Pump,1989,Ballad,Power Ballad,
The Other Side,Aerosmith,Pump,1989,Hit,Hard Rock,
F.I.N.E.,Aerosmith,Pump,1989,Deep,Hard Rock,
I Don't Believe in Love,Queensrÿche,Operation: Mindcrime,1988,Hit,Progressive Metal,
Eyes of a Stranger,Queensrÿche,Operation: Mindcrime,1988,Hit,Progressive Metal,
Revolution Calling,Queensrÿche,Operation: Mindcrime,1988,Deep,Progressive Metal,
Breaking the Silence,Queensrÿche,Operation: Mindcrime,1988,Deep,Progressive Metal,
Jet City Woman,Queensrÿche,Empire,1990,Hit,Progressive Metal,
Silent Lucidity,Queensrÿche,Empire,1990,Ballad,Power Ballad,
Empire,Queensrÿche,Empire,1990,Hit,Progressive Metal,
Best I Can,Queensrÿche,Empire,1990,Deep,Progressive Metal,
The Final Countdown,Europe,The Final Countdown,1986,Hit,Glam Metal,
Rock the Night,Europe,The Final Countdown,1986,Hit,Glam Metal,
Carrie,Europe,The Final Countdown,1986,Ballad,Power Ballad,
Cherokee,Europe,The Final Countdown,1986,Deep,Glam Metal,
Superstitious,Europe,Out of This World,1988,Hit,Glam Metal,
Open Your Heart,Europe,Out of This World,1988,Ballad,Power Ballad,
Let the Good Times Rock,Europe,Out of This World,1988,Deep,Glam Metal,
Fantasy,Aldo Nova,Aldo Nova,1982,Hit,Hard Rock,
Foolin' Yourself,Aldo Nova,Aldo Nova,1982,Deep,Hard Rock,
Ball and Chain,Aldo Nova,Aldo Nova,1982,Deep,Hard Rock,
There's Only One Way to Rock,Sammy Hagar,Standing Hampton,1981,Hit,Hard Rock,
I'll Fall in Love Again,Sammy Hagar,Standing Hampton,1981,Hit,Hard Rock,
Baby's on Fire,Sammy Hagar,Standing Hampton,1981,Deep,Hard Rock,
I Can't Drive 55,Sammy Hagar,VOA,1984,Hit,Hard Rock,
Rock Is in My Blood,Sammy Hagar,VOA,1984,Deep,Hard Rock,
Two Sides of Love,Sammy Hagar,VOA,1984,Deep,Hard Rock,
Yankee Rose,David Lee Roth,Eat 'Em and Smile,1986,Hit,Hard Rock,
Goin' Crazy!,David Lee Roth,Eat 'Em and Smile,1986,Hit,Hard Rock,
Tobacco Road,David Lee Roth,Eat 'Em and Smile,1986,Deep,Hard Rock,
Just Like Paradise,David Lee Roth,Skyscraper,1988,Hit,Hard Rock,
Stand Up,David Lee Roth,Skyscraper,1988,Deep,Hard Rock,
Damn Good,David Lee Roth,Skyscraper,1988,Ballad,Power Ballad,
Poison,Alice Cooper,Trash,1989,Hit,Hard Rock,
Bed of Nails,Alice Cooper,Trash,1989,Hit,Hard Rock,
House of Fire,Alice Cooper,Trash,1989,Deep,Hard Rock,
Only My Heart Talkin',Alice Cooper,Trash,1989,Ballad,Power Ballad,
Hey Stoopid,Alice Cooper,Hey Stoopid,1991,Hit,Hard Rock,
Feed My Frankenstein,Alice Cooper,Hey Stoopid,1991,Hit,Hard Rock,
Love's a Loaded Gun,Alice Cooper,Hey Stoopid,1991,Deep,Hard Rock,
Lick It Up,Kiss,Lick It Up,1983,Hit,Hard Rock,
All Hell's Breakin' Loose,Kiss,Lick It Up,1983,Hit,Hard Rock,
A Million to One,Kiss,Lick It Up,1983,Deep,Hard Rock,
Heaven's on Fire,Kiss,Animalize,1984,Hit,Hard Rock,
Thrills in the Night,Kiss,Animalize,1984,Deep,Hard Rock,
Under the Gun,Kiss,Animalize,1984,Deep,Hard Rock,
Crazy Crazy Nights,Kiss,Crazy Nights,1987,Hit,Hard Rock,
Reason to Live,Kiss,Crazy Nights,1987,Ballad,Power Ballad,
Turn on the Night,Kiss,Crazy Nights,1987,Hit,Hard Rock,
Forever,Kiss,Hot in the Shade,1989,Ballad,Power Ballad,
Hide Your Heart,Kiss,Hot in the Shade,1989,Hit,Hard Rock,
Rise to It,Kiss,Hot in the Shade,1989,Deep,Hard Rock,
